<?xml version="1.0" encoding="UTF-8"?>
<export version="D">
  <design>
    <source>/home/paul-cairns/Documents/FabAcademy/14-networking/stoveboard/stoveboard.sch</source>
    <date>Thu 06 May 2021 03:44:48 PM</date>
    <tool>Eeschema 5.1.9-73d0e3b20d~88~ubuntu20.04.1</tool>
    <sheet number="1" name="/" tstamps="/">
      <title_block>
        <title/>
        <company/>
        <rev/>
        <date/>
        <source>stoveboard.sch</source>
        <comment number="1" value=""/>
        <comment number="2" value=""/>
        <comment number="3" value=""/>
        <comment number="4" value=""/>
      </title_block>
    </sheet>
  </design>
  <components>
    <comp ref="U1">
      <value>ATmega328P-AU</value>
      <footprint>QFP:TQFP-32_7x7mm_P0.8mm</footprint>
      <datasheet>http://ww1.microchip.com/downloads/en/DeviceDoc/ATmega328_P%20AVR%20MCU%20with%20picoPower%20Technology%20Data%20Sheet%2040001984A.pdf</datasheet>
      <libsource lib="ATMEGA" part="ATmega328P-AU" description="20MHz, 32kB Flash, 2kB SRAM, 1kB EEPROM, TQFP-32"/>
      <sheetpath names="/" tstamps="/"/>
      <tstamp>608CB729</tstamp>
    </comp>
    <comp ref="Y1">
      <value>CRYSTAL ABLS</value>
      <footprint>digikey:XTAL_ABLS2-16.000MHZ-D4Y-T</footprint>
      <fields>
        <field name="MANUFACTURER">Abracon</field>
      </fields>
      <libsource lib="ABLS22" part="ABLS2-16.000MHZ-D4Y-T" description=""/>
      <sheetpath names="/" tstamps="/"/>
      <tstamp>608CBA42</tstamp>
    </comp>
    <comp ref="D1">
      <value>LED-Prog</value>
      <footprint>fab:LED_1206</footprint>
      <datasheet>https://optoelectronics.liteon.com/upload/download/DS-22-98-0002/LTST-C150CKT.pdf</datasheet>
      <libsource lib="fab" part="LED" description="Light emitting diode, Lite-On Inc. LTST"/>
      <sheetpath names="/" tstamps="/"/>
      <tstamp>608CCF7E</tstamp>
    </comp>
    <comp ref="D2">
      <value>POWER-LED</value>
      <footprint>fab:LED_1206</footprint>
      <datasheet>https://optoelectronics.liteon.com/upload/download/DS-22-98-0002/LTST-C150CKT.pdf</datasheet>
      <libsource lib="fab" part="LED" description="Light emitting diode, Lite-On Inc. LTST"/>
      <sheetpath names="/" tstamps="/"/>
      <tstamp>608CD9F1</tstamp>
    </comp>
    <comp ref="SW3">
      <value>RESET BUTTON</value>
      <footprint>fab:Button_Omron_B3SN_6x6mm</footprint>
      <datasheet>https://omronfs.omron.com/en_US/ecb/products/pdf/en-b3sn.pdf</datasheet>
      <libsource lib="fab" part="BUTTON_B3SN" description="Push button switch, Omron B3SN, Sealed Tactile Switch (SMT), SPST-NO Top Actuated Surface Mount"/>
      <sheetpath names="/" tstamps="/"/>
      <tstamp>608CFE30</tstamp>
    </comp>
    <comp ref="R2">
      <value>R499</value>
      <footprint>fab:R_1206</footprint>
      <datasheet>~</datasheet>
      <libsource lib="fab" part="R" description="Resistor"/>
      <sheetpath names="/" tstamps="/"/>
      <tstamp>608D18A5</tstamp>
    </comp>
    <comp ref="R3">
      <value>R499</value>
      <footprint>fab:R_1206</footprint>
      <datasheet>~</datasheet>
      <libsource lib="fab" part="R" description="Resistor"/>
      <sheetpath names="/" tstamps="/"/>
      <tstamp>608D1EAB</tstamp>
    </comp>
    <comp ref="RSDA1">
      <value>R</value>
      <footprint>fab:R_1206</footprint>
      <datasheet>~</datasheet>
      <libsource lib="fab" part="R" description="Resistor"/>
      <sheetpath names="/" tstamps="/"/>
      <tstamp>608D2475</tstamp>
    </comp>
    <comp ref="C1">
      <value>22pF</value>
      <footprint>fab:C_1206</footprint>
      <libsource lib="fab" part="C" description="Unpolarized capacitor"/>
      <sheetpath names="/" tstamps="/"/>
      <tstamp>608D2C61</tstamp>
    </comp>
    <comp ref="C2">
      <value>22pF</value>
      <footprint>fab:C_1206</footprint>
      <libsource lib="fab" part="C" description="Unpolarized capacitor"/>
      <sheetpath names="/" tstamps="/"/>
      <tstamp>608D3364</tstamp>
    </comp>
    <comp ref="100nF1">
      <value>C4</value>
      <footprint>fab:C_1206</footprint>
      <libsource lib="fab" part="C" description="Unpolarized capacitor"/>
      <sheetpath names="/" tstamps="/"/>
      <tstamp>608D39EA</tstamp>
    </comp>
    <comp ref="1uF1">
      <value>C5</value>
      <footprint>fab:C_1206</footprint>
      <libsource lib="fab" part="C" description="Unpolarized capacitor"/>
      <sheetpath names="/" tstamps="/"/>
      <tstamp>608D4087</tstamp>
    </comp>
    <comp ref="C6">
      <value>10uF</value>
      <footprint>fab:C_1206</footprint>
      <libsource lib="fab" part="C" description="Unpolarized capacitor"/>
      <sheetpath names="/" tstamps="/"/>
      <tstamp>608D48A3</tstamp>
    </comp>
    <comp ref="C3">
      <value>100nF</value>
      <footprint>fab:C_1206</footprint>
      <libsource lib="fab" part="C" description="Unpolarized capacitor"/>
      <sheetpath names="/" tstamps="/"/>
      <tstamp>608D5038</tstamp>
    </comp>
    <comp ref="J2">
      <value>FTDI</value>
      <footprint>fab:Header_SMD_FTDI_01x06_P2.54mm_Horizontal_Male</footprint>
      <datasheet>~</datasheet>
      <libsource lib="fab" part="Conn_FTDI_01x06_Male" description="Male FTDI connector"/>
      <sheetpath names="/" tstamps="/"/>
      <tstamp>608D5DE7</tstamp>
    </comp>
    <comp ref="JST-4">
      <value>Temp-Sensor</value>
      <footprint>PinSocket2.54:PinSocket_1x03_P2.54mm_Vertical</footprint>
      <datasheet>~</datasheet>
      <libsource lib="Connector" part="Conn_01x03_Female" description="Generic connector, single row, 01x03, script generated (kicad-library-utils/schlib/autogen/connector/)"/>
      <sheetpath names="/" tstamps="/"/>
      <tstamp>608D885A</tstamp>
    </comp>
    <comp ref="JST-1">
      <value>TEG1</value>
      <footprint>PinSocket2.54:PinSocket_1x02_P2.54mm_Vertical</footprint>
      <datasheet>~</datasheet>
      <libsource lib="Connector" part="Conn_01x02_Female" description="Generic connector, single row, 01x02, script generated (kicad-library-utils/schlib/autogen/connector/)"/>
      <sheetpath names="/" tstamps="/"/>
      <tstamp>608D961C</tstamp>
    </comp>
    <comp ref="J3">
      <value>LED_Disp_V</value>
      <footprint>PinSocket2.54:PinSocket_1x04_P2.54mm_Vertical</footprint>
      <datasheet>~</datasheet>
      <libsource lib="Connector" part="Conn_01x04_Female" description="Generic connector, single row, 01x04, script generated (kicad-library-utils/schlib/autogen/connector/)"/>
      <sheetpath names="/" tstamps="/"/>
      <tstamp>608DCBB2</tstamp>
    </comp>
    <comp ref="J4">
      <value>LED_Disp_I</value>
      <footprint>PinSocket2.54:PinSocket_1x04_P2.54mm_Vertical</footprint>
      <datasheet>~</datasheet>
      <libsource lib="Connector" part="Conn_01x04_Female" description="Generic connector, single row, 01x04, script generated (kicad-library-utils/schlib/autogen/connector/)"/>
      <sheetpath names="/" tstamps="/"/>
      <tstamp>608DF9CF</tstamp>
    </comp>
    <comp ref="JST-7">
      <value>Fan</value>
      <footprint>PinSocket2.54:PinSocket_1x02_P2.54mm_Vertical</footprint>
      <datasheet>~</datasheet>
      <libsource lib="Connector" part="Conn_01x02_Female" description="Generic connector, single row, 01x02, script generated (kicad-library-utils/schlib/autogen/connector/)"/>
      <sheetpath names="/" tstamps="/"/>
      <tstamp>608EA17E</tstamp>
    </comp>
    <comp ref="R-T1">
      <value>R4.99K</value>
      <footprint>fab:R_1206</footprint>
      <datasheet>~</datasheet>
      <libsource lib="fab" part="R" description="Resistor"/>
      <sheetpath names="/" tstamps="/"/>
      <tstamp>608ED89D</tstamp>
    </comp>
    <comp ref="JST-5">
      <value>Temp-Switch</value>
      <footprint>PinSocket2.54:PinSocket_1x02_P2.54mm_Vertical</footprint>
      <datasheet>~</datasheet>
      <libsource lib="Connector" part="Conn_01x02_Female" description="Generic connector, single row, 01x02, script generated (kicad-library-utils/schlib/autogen/connector/)"/>
      <sheetpath names="/" tstamps="/"/>
      <tstamp>608F6E67</tstamp>
    </comp>
    <comp ref="JST-6">
      <value>Battery</value>
      <footprint>PinSocket2.54:PinSocket_1x02_P2.54mm_Vertical</footprint>
      <datasheet>~</datasheet>
      <libsource lib="Connector" part="Conn_01x02_Female" description="Generic connector, single row, 01x02, script generated (kicad-library-utils/schlib/autogen/connector/)"/>
      <sheetpath names="/" tstamps="/"/>
      <tstamp>608F822F</tstamp>
    </comp>
    <comp ref="R10K1">
      <value>R</value>
      <footprint>fab:R_1206</footprint>
      <datasheet>~</datasheet>
      <libsource lib="fab" part="R" description="Resistor"/>
      <sheetpath names="/" tstamps="/"/>
      <tstamp>6092EF24</tstamp>
    </comp>
    <comp ref="U10">
      <value>ESP32</value>
      <footprint>stoveboard:ESP32</footprint>
      <libsource lib="stoveboard" part="ESP32" description=""/>
      <sheetpath names="/" tstamps="/"/>
      <tstamp>6094AEB0</tstamp>
    </comp>
    <comp ref="U4">
      <value>USB</value>
      <footprint>stoveboard:USB</footprint>
      <libsource lib="stoveboard" part="USB" description=""/>
      <sheetpath names="/" tstamps="/"/>
      <tstamp>60957FF9</tstamp>
    </comp>
    <comp ref="U9">
      <value>USB</value>
      <footprint>stoveboard:USB</footprint>
      <libsource lib="stoveboard" part="USB" description=""/>
      <sheetpath names="/" tstamps="/"/>
      <tstamp>60958AE8</tstamp>
    </comp>
    <comp ref="U5">
      <value>ChargeController 1</value>
      <footprint>stoveboard:ChargeController</footprint>
      <libsource lib="stoveboard" part="ChargeController" description=""/>
      <sheetpath names="/" tstamps="/"/>
      <tstamp>6097874A</tstamp>
    </comp>
    <comp ref="U6">
      <value>ChargeController 2</value>
      <footprint>stoveboard:ChargeController</footprint>
      <libsource lib="stoveboard" part="ChargeController" description=""/>
      <sheetpath names="/" tstamps="/"/>
      <tstamp>609793CC</tstamp>
    </comp>
    <comp ref="U8">
      <value>ChargeController 3</value>
      <footprint>stoveboard:ChargeController</footprint>
      <libsource lib="stoveboard" part="ChargeController" description=""/>
      <sheetpath names="/" tstamps="/"/>
      <tstamp>6097996D</tstamp>
    </comp>
    <comp ref="U2">
      <value>CurrSensor</value>
      <footprint>stoveboard:CurrSensor</footprint>
      <libsource lib="stoveboard" part="CurrSensor" description=""/>
      <sheetpath names="/" tstamps="/"/>
      <tstamp>6097FFC7</tstamp>
    </comp>
    <comp ref="U3">
      <value>VoltSensor</value>
      <footprint>stoveboard:VoltSensor</footprint>
      <libsource lib="stoveboard" part="VoltSensor" description=""/>
      <sheetpath names="/" tstamps="/"/>
      <tstamp>60980D70</tstamp>
    </comp>
    <comp ref="D3">
      <value>LEDbar</value>
      <footprint>stoveboard:LEDbar</footprint>
      <libsource lib="stoveboard" part="LEDbar" description=""/>
      <sheetpath names="/" tstamps="/"/>
      <tstamp>60985691</tstamp>
    </comp>
    <comp ref="JST-8">
      <value>BypassSwitch</value>
      <footprint>PinSocket2.54:PinSocket_1x02_P2.54mm_Vertical</footprint>
      <datasheet>~</datasheet>
      <libsource lib="Connector" part="Conn_01x02_Female" description="Generic connector, single row, 01x02, script generated (kicad-library-utils/schlib/autogen/connector/)"/>
      <sheetpath names="/" tstamps="/"/>
      <tstamp>609A912E</tstamp>
    </comp>
    <comp ref="VREG-TEG1">
      <value>Regulator_Linear_NCP1117-5.0V-1A</value>
      <footprint>fab:SOT-223-3_TabPin2</footprint>
      <datasheet>https://www.onsemi.com/pub/Collateral/NCP1117-D.PDF</datasheet>
      <libsource lib="fab" part="Regulator_Linear_NCP1117-5.0V-1A" description="1A 5.0V Linear Voltage Regulator IC 1 Output SOT-223"/>
      <sheetpath names="/" tstamps="/"/>
      <tstamp>609B87CC</tstamp>
    </comp>
    <comp ref="VREG-TEG2">
      <value>Regulator_Linear_NCP1117-5.0V-1A</value>
      <footprint>fab:SOT-223-3_TabPin2</footprint>
      <datasheet>https://www.onsemi.com/pub/Collateral/NCP1117-D.PDF</datasheet>
      <libsource lib="fab" part="Regulator_Linear_NCP1117-5.0V-1A" description="1A 5.0V Linear Voltage Regulator IC 1 Output SOT-223"/>
      <sheetpath names="/" tstamps="/"/>
      <tstamp>609BB77E</tstamp>
    </comp>
    <comp ref="VREG-TEG3">
      <value>Regulator_Linear_NCP1117-5.0V-1A</value>
      <footprint>fab:SOT-223-3_TabPin2</footprint>
      <datasheet>https://www.onsemi.com/pub/Collateral/NCP1117-D.PDF</datasheet>
      <libsource lib="fab" part="Regulator_Linear_NCP1117-5.0V-1A" description="1A 5.0V Linear Voltage Regulator IC 1 Output SOT-223"/>
      <sheetpath names="/" tstamps="/"/>
      <tstamp>609BBD5E</tstamp>
    </comp>
    <comp ref="JST-3">
      <value>TEG3</value>
      <footprint>PinSocket2.54:PinSocket_1x02_P2.54mm_Vertical</footprint>
      <datasheet>~</datasheet>
      <libsource lib="Connector" part="Conn_01x02_Female" description="Generic connector, single row, 01x02, script generated (kicad-library-utils/schlib/autogen/connector/)"/>
      <sheetpath names="/" tstamps="/"/>
      <tstamp>608F91B7</tstamp>
    </comp>
    <comp ref="JST-2">
      <value>TEG2</value>
      <footprint>PinSocket2.54:PinSocket_1x02_P2.54mm_Vertical</footprint>
      <datasheet>~</datasheet>
      <libsource lib="Connector" part="Conn_01x02_Female" description="Generic connector, single row, 01x02, script generated (kicad-library-utils/schlib/autogen/connector/)"/>
      <sheetpath names="/" tstamps="/"/>
      <tstamp>608DAF41</tstamp>
    </comp>
    <comp ref="FET-TEG1">
      <value>DMP1045U</value>
      <footprint>stoveboard:SOT91P240X110-3N</footprint>
      <fields>
        <field name="MANUFACTURER">Diodes Inc.</field>
        <field name="MAXIMUM_PACKAGE_HEIGHT">1.1 mm</field>
        <field name="PARTREV">7 - 2</field>
        <field name="STANDARD">IPC 7351B</field>
      </fields>
      <libsource lib="DMP1045U" part="DMP1045U" description=""/>
      <sheetpath names="/" tstamps="/"/>
      <tstamp>60AEFD36</tstamp>
    </comp>
    <comp ref="SB220-1">
      <value>D_Schottky</value>
      <footprint>fab:fab-SOD123</footprint>
      <libsource lib="fab" part="D_Schottky" description="Schottky diode"/>
      <sheetpath names="/" tstamps="/"/>
      <tstamp>60AF6AB6</tstamp>
    </comp>
    <comp ref="R-LS1">
      <value>R10K</value>
      <footprint>fab:R_1206</footprint>
      <datasheet>~</datasheet>
      <libsource lib="fab" part="R" description="Resistor"/>
      <sheetpath names="/" tstamps="/"/>
      <tstamp>60AF8BA4</tstamp>
    </comp>
    <comp ref="FET-TEG2">
      <value>DMP1045U</value>
      <footprint>stoveboard:SOT91P240X110-3N</footprint>
      <fields>
        <field name="MANUFACTURER">Diodes Inc.</field>
        <field name="MAXIMUM_PACKAGE_HEIGHT">1.1 mm</field>
        <field name="PARTREV">7 - 2</field>
        <field name="STANDARD">IPC 7351B</field>
      </fields>
      <libsource lib="DMP1045U" part="DMP1045U" description=""/>
      <sheetpath names="/" tstamps="/"/>
      <tstamp>60C03E42</tstamp>
    </comp>
    <comp ref="SB220-2">
      <value>D_Schottky</value>
      <footprint>fab:fab-SOD123</footprint>
      <libsource lib="fab" part="D_Schottky" description="Schottky diode"/>
      <sheetpath names="/" tstamps="/"/>
      <tstamp>60C041EC</tstamp>
    </comp>
    <comp ref="R-LS2">
      <value>R10K</value>
      <footprint>fab:R_1206</footprint>
      <datasheet>~</datasheet>
      <libsource lib="fab" part="R" description="Resistor"/>
      <sheetpath names="/" tstamps="/"/>
      <tstamp>60C041F6</tstamp>
    </comp>
    <comp ref="FET-TEG3">
      <value>DMP1045U</value>
      <footprint>stoveboard:SOT91P240X110-3N</footprint>
      <fields>
        <field name="MANUFACTURER">Diodes Inc.</field>
        <field name="MAXIMUM_PACKAGE_HEIGHT">1.1 mm</field>
        <field name="PARTREV">7 - 2</field>
        <field name="STANDARD">IPC 7351B</field>
      </fields>
      <libsource lib="DMP1045U" part="DMP1045U" description=""/>
      <sheetpath names="/" tstamps="/"/>
      <tstamp>60CF8E31</tstamp>
    </comp>
    <comp ref="SB220-3">
      <value>D_Schottky</value>
      <footprint>fab:fab-SOD123</footprint>
      <libsource lib="fab" part="D_Schottky" description="Schottky diode"/>
      <sheetpath names="/" tstamps="/"/>
      <tstamp>60CF8E3B</tstamp>
    </comp>
    <comp ref="R-LS3">
      <value>R10K</value>
      <footprint>fab:R_1206</footprint>
      <datasheet>~</datasheet>
      <libsource lib="fab" part="R" description="Resistor"/>
      <sheetpath names="/" tstamps="/"/>
      <tstamp>60CF8E45</tstamp>
    </comp>
    <comp ref="D4">
      <value>D_Schottky</value>
      <footprint>fab:fab-SOD123</footprint>
      <libsource lib="fab" part="D_Schottky" description="Schottky diode"/>
      <sheetpath names="/" tstamps="/"/>
      <tstamp>60D93B0B</tstamp>
    </comp>
    <comp ref="J1">
      <value>D/Bootloader</value>
      <footprint>fab:Header_SMD_01x07_P2.54mm_Horizontal_Male</footprint>
      <datasheet>~</datasheet>
      <libsource lib="fab" part="Conn_01x07_Male" description="Male connector, single row"/>
      <sheetpath names="/" tstamps="/"/>
      <tstamp>60A5717E</tstamp>
    </comp>
    <comp ref="RSCL1">
      <value>R</value>
      <footprint>fab:R_1206</footprint>
      <datasheet>~</datasheet>
      <libsource lib="fab" part="R" description="Resistor"/>
      <sheetpath names="/" tstamps="/"/>
      <tstamp>6092FF38</tstamp>
    </comp>
  </components>
  <libparts>
    <libpart lib="ABLS22" part="ABLS2-16.000MHZ-D4Y-T">
      <fields>
        <field name="Reference">Y</field>
        <field name="Value">ABLS2-16.000MHZ-D4Y-T</field>
        <field name="Footprint">XTAL_ABLS2-16.000MHZ-D4Y-T</field>
        <field name="MANUFACTURER">Abracon</field>
      </fields>
      <pins>
        <pin num="1" name="~" type="passive"/>
        <pin num="2" name="~" type="passive"/>
      </pins>
    </libpart>
    <libpart lib="ATMEGA" part="ATmega48PV-10AU">
      <aliases>
        <alias>ATmega48P-20AU</alias>
        <alias>ATmega48A-AU</alias>
        <alias>ATmega48PA-AU</alias>
        <alias>ATmega88PV-10AU</alias>
        <alias>ATmega88P-20AU</alias>
        <alias>ATmega88A-AU</alias>
        <alias>ATmega88PA-AU</alias>
        <alias>ATmega168PV-10AU</alias>
        <alias>ATmega168P-20AU</alias>
        <alias>ATmega168A-AU</alias>
        <alias>ATmega168PA-AU</alias>
        <alias>ATmega328-AU</alias>
        <alias>ATmega328P-AU</alias>
      </aliases>
      <description>10MHz, 4kB Flash, 512B SRAM, 256B EEPROM, TQFP-32</description>
      <docs>http://ww1.microchip.com/downloads/en/DeviceDoc/Atmel-8025-8-bit-AVR-Microcontroller-ATmega48P-88P-168P_Datasheet.pdf</docs>
      <footprints>
        <fp>TQFP*7x7mm*P0.8mm*</fp>
      </footprints>
      <fields>
        <field name="Reference">U</field>
        <field name="Value">ATmega48PV-10AU</field>
        <field name="Footprint">Package_QFP:TQFP-32_7x7mm_P0.8mm</field>
      </fields>
      <pins>
        <pin num="1" name="PD3" type="BiDi"/>
        <pin num="2" name="PD4" type="BiDi"/>
        <pin num="3" name="GND" type="power_in"/>
        <pin num="4" name="VCC" type="power_in"/>
        <pin num="5" name="GND" type="passive"/>
        <pin num="6" name="VCC" type="passive"/>
        <pin num="7" name="XTAL1/PB6" type="BiDi"/>
        <pin num="8" name="XTAL2/PB7" type="BiDi"/>
        <pin num="9" name="PD5" type="BiDi"/>
        <pin num="10" name="PD6" type="BiDi"/>
        <pin num="11" name="PD7" type="BiDi"/>
        <pin num="12" name="PB0" type="BiDi"/>
        <pin num="13" name="PB1" type="BiDi"/>
        <pin num="14" name="PB2" type="BiDi"/>
        <pin num="15" name="PB3" type="BiDi"/>
        <pin num="16" name="PB4" type="BiDi"/>
        <pin num="17" name="PB5" type="BiDi"/>
        <pin num="18" name="AVCC" type="power_in"/>
        <pin num="19" name="ADC6" type="input"/>
        <pin num="20" name="AREF" type="passive"/>
        <pin num="21" name="GND" type="passive"/>
        <pin num="22" name="ADC7" type="input"/>
        <pin num="23" name="PC0" type="BiDi"/>
        <pin num="24" name="PC1" type="BiDi"/>
        <pin num="25" name="PC2" type="BiDi"/>
        <pin num="26" name="PC3" type="BiDi"/>
        <pin num="27" name="PC4" type="BiDi"/>
        <pin num="28" name="PC5" type="BiDi"/>
        <pin num="29" name="~RESET~/PC6" type="BiDi"/>
        <pin num="30" name="PD0" type="BiDi"/>
        <pin num="31" name="PD1" type="BiDi"/>
        <pin num="32" name="PD2" type="BiDi"/>
      </pins>
    </libpart>
    <libpart lib="Connector" part="Conn_01x02_Female">
      <description>Generic connector, single row, 01x02, script generated (kicad-library-utils/schlib/autogen/connector/)</description>
      <docs>~</docs>
      <footprints>
        <fp>Connector*:*_1x??_*</fp>
      </footprints>
      <fields>
        <field name="Reference">J</field>
        <field name="Value">Conn_01x02_Female</field>
      </fields>
      <pins>
        <pin num="1" name="Pin_1" type="passive"/>
        <pin num="2" name="Pin_2" type="passive"/>
      </pins>
    </libpart>
    <libpart lib="Connector" part="Conn_01x03_Female">
      <description>Generic connector, single row, 01x03, script generated (kicad-library-utils/schlib/autogen/connector/)</description>
      <docs>~</docs>
      <footprints>
        <fp>Connector*:*_1x??_*</fp>
      </footprints>
      <fields>
        <field name="Reference">J</field>
        <field name="Value">Conn_01x03_Female</field>
      </fields>
      <pins>
        <pin num="1" name="Pin_1" type="passive"/>
        <pin num="2" name="Pin_2" type="passive"/>
        <pin num="3" name="Pin_3" type="passive"/>
      </pins>
    </libpart>
    <libpart lib="Connector" part="Conn_01x04_Female">
      <description>Generic connector, single row, 01x04, script generated (kicad-library-utils/schlib/autogen/connector/)</description>
      <docs>~</docs>
      <footprints>
        <fp>Connector*:*_1x??_*</fp>
      </footprints>
      <fields>
        <field name="Reference">J</field>
        <field name="Value">Conn_01x04_Female</field>
      </fields>
      <pins>
        <pin num="1" name="Pin_1" type="passive"/>
        <pin num="2" name="Pin_2" type="passive"/>
        <pin num="3" name="Pin_3" type="passive"/>
        <pin num="4" name="Pin_4" type="passive"/>
      </pins>
    </libpart>
    <libpart lib="DMP1045U" part="DMP1045U">
      <fields>
        <field name="Reference">Q</field>
        <field name="Value">DMP1045U</field>
        <field name="Footprint">SOT91P240X110-3N</field>
        <field name="PARTREV">7 - 2</field>
        <field name="MAXIMUM_PACKAGE_HEIGHT">1.1 mm</field>
        <field name="STANDARD">IPC 7351B</field>
        <field name="MANUFACTURER">Diodes Inc.</field>
      </fields>
      <pins>
        <pin num="1" name="~" type="passive"/>
        <pin num="2" name="~" type="passive"/>
        <pin num="3" name="~" type="passive"/>
      </pins>
    </libpart>
    <libpart lib="fab" part="BUTTON_B3SN">
      <description>Push button switch, Omron B3SN, Sealed Tactile Switch (SMT), SPST-NO Top Actuated Surface Mount</description>
      <docs>https://omronfs.omron.com/en_US/ecb/products/pdf/en-b3sn.pdf</docs>
      <footprints>
        <fp>Button_*</fp>
      </footprints>
      <fields>
        <field name="Reference">SW</field>
        <field name="Value">BUTTON_B3SN</field>
        <field name="Footprint">fab:Button_Omron_B3SN_6x6mm</field>
      </fields>
      <pins>
        <pin num="1" name="1" type="passive"/>
        <pin num="2" name="2" type="passive"/>
      </pins>
    </libpart>
    <libpart lib="fab" part="C">
      <description>Unpolarized capacitor</description>
      <footprints>
        <fp>C_*</fp>
      </footprints>
      <fields>
        <field name="Reference">C</field>
        <field name="Value">C</field>
        <field name="Footprint">fab:C_1206</field>
      </fields>
      <pins>
        <pin num="1" name="~" type="passive"/>
        <pin num="2" name="~" type="passive"/>
      </pins>
    </libpart>
    <libpart lib="fab" part="Conn_01x07_Male">
      <description>Male connector, single row</description>
      <docs>~</docs>
      <footprints>
        <fp>fab:*Header_SMD_01x??_*</fp>
      </footprints>
      <fields>
        <field name="Reference">J</field>
        <field name="Value">Conn_01x07_Male</field>
        <field name="Footprint">fab:Header_SMD_01x07_P2.54mm_Horizontal_Male</field>
      </fields>
      <pins>
        <pin num="1" name="Pin_1" type="passive"/>
        <pin num="2" name="Pin_2" type="passive"/>
        <pin num="3" name="Pin_3" type="passive"/>
        <pin num="4" name="Pin_4" type="passive"/>
        <pin num="5" name="Pin_5" type="passive"/>
        <pin num="6" name="Pin_6" type="passive"/>
        <pin num="7" name="Pin_7" type="passive"/>
      </pins>
    </libpart>
    <libpart lib="fab" part="Conn_FTDI_01x06_Male">
      <description>Male FTDI connector</description>
      <docs>~</docs>
      <footprints>
        <fp>fab:*Header_SMD_01x??_*</fp>
      </footprints>
      <fields>
        <field name="Reference">J</field>
        <field name="Value">Conn_FTDI_01x06_Male</field>
        <field name="Footprint">fab:Header_SMD_FTDI_01x06_P2.54mm_Horizontal_Male</field>
      </fields>
      <pins>
        <pin num="1" name="GND" type="passive"/>
        <pin num="2" name="CTS" type="passive"/>
        <pin num="3" name="VCC" type="passive"/>
        <pin num="4" name="TX" type="passive"/>
        <pin num="5" name="RX" type="passive"/>
        <pin num="6" name="RTS" type="passive"/>
      </pins>
    </libpart>
    <libpart lib="fab" part="D_Schottky">
      <description>Schottky diode</description>
      <footprints>
        <fp>*SOD123*</fp>
      </footprints>
      <fields>
        <field name="Reference">D</field>
        <field name="Value">D_Schottky</field>
        <field name="Footprint">fab:fab-SOD123</field>
      </fields>
      <pins>
        <pin num="1" name="K" type="passive"/>
        <pin num="2" name="A" type="passive"/>
      </pins>
    </libpart>
    <libpart lib="fab" part="LED">
      <description>Light emitting diode, Lite-On Inc. LTST</description>
      <docs>https://optoelectronics.liteon.com/upload/download/DS-22-98-0002/LTST-C150CKT.pdf</docs>
      <footprints>
        <fp>LED_*</fp>
      </footprints>
      <fields>
        <field name="Reference">D</field>
        <field name="Value">LED</field>
        <field name="Footprint">fab:LED_1206</field>
      </fields>
      <pins>
        <pin num="1" name="K" type="passive"/>
        <pin num="2" name="A" type="passive"/>
      </pins>
    </libpart>
    <libpart lib="fab" part="R">
      <description>Resistor</description>
      <docs>~</docs>
      <footprints>
        <fp>R_*</fp>
      </footprints>
      <fields>
        <field name="Reference">R</field>
        <field name="Value">R</field>
        <field name="Footprint">fab:R_1206</field>
      </fields>
      <pins>
        <pin num="1" name="~" type="passive"/>
        <pin num="2" name="~" type="passive"/>
      </pins>
    </libpart>
    <libpart lib="fab" part="Regulator_Linear_NCP1117-5.0V-1A">
      <description>1A 5.0V Linear Voltage Regulator IC 1 Output SOT-223</description>
      <docs>https://www.onsemi.com/pub/Collateral/NCP1117-D.PDF</docs>
      <footprints>
        <fp>SOT?223*TabPin2*</fp>
      </footprints>
      <fields>
        <field name="Reference">U</field>
        <field name="Value">Regulator_Linear_NCP1117-5.0V-1A</field>
        <field name="Footprint">fab:SOT-223-3_TabPin2</field>
      </fields>
      <pins>
        <pin num="1" name="GND" type="power_in"/>
        <pin num="2" name="VO" type="power_out"/>
        <pin num="3" name="VI" type="power_in"/>
      </pins>
    </libpart>
    <libpart lib="stoveboard" part="ChargeController">
      <fields>
        <field name="Reference">U</field>
        <field name="Value">ChargeController</field>
      </fields>
      <pins>
        <pin num="1" name="OUT+" type="power_out"/>
        <pin num="2" name="B+" type="power_out"/>
        <pin num="3" name="B-" type="power_out"/>
        <pin num="4" name="OUT-" type="power_out"/>
        <pin num="5" name="-" type="power_in"/>
        <pin num="6" name="+" type="power_in"/>
      </pins>
    </libpart>
    <libpart lib="stoveboard" part="CurrSensor">
      <fields>
        <field name="Reference">U</field>
        <field name="Value">CurrSensor</field>
      </fields>
      <pins>
        <pin num="1" name="VCC" type="power_in"/>
        <pin num="2" name="OUT" type="output"/>
        <pin num="3" name="GND" type="power_in"/>
        <pin num="4" name="+" type="input"/>
        <pin num="5" name="-" type="input"/>
      </pins>
    </libpart>
    <libpart lib="stoveboard" part="ESP32">
      <fields>
        <field name="Reference">U</field>
        <field name="Value">ESP32</field>
      </fields>
      <pins>
        <pin num="1" name="GND" type="power_in"/>
        <pin num="2" name="P23" type="BiDi"/>
        <pin num="3" name="P22" type="BiDi"/>
        <pin num="4" name="Tx" type="BiDi"/>
        <pin num="5" name="Rx" type="BiDi"/>
        <pin num="6" name="P21" type="BiDi"/>
        <pin num="7" name="GND" type="power_in"/>
        <pin num="8" name="P19" type="BiDi"/>
        <pin num="9" name="P18" type="BiDi"/>
        <pin num="10" name="P5" type="BiDi"/>
        <pin num="11" name="P17" type="BiDi"/>
        <pin num="12" name="P16" type="BiDi"/>
        <pin num="13" name="P4" type="BiDi"/>
        <pin num="14" name="P0" type="BiDi"/>
        <pin num="15" name="P2" type="BiDi"/>
        <pin num="16" name="P15" type="BiDi"/>
        <pin num="17" name="SD1" type="BiDi"/>
        <pin num="18" name="SDD" type="BiDi"/>
        <pin num="19" name="CLK" type="BiDi"/>
        <pin num="20" name="5V" type="power_in"/>
        <pin num="21" name="CND" type="BiDi"/>
        <pin num="22" name="S03" type="BiDi"/>
        <pin num="23" name="S02" type="BiDi"/>
        <pin num="24" name="P13" type="BiDi"/>
        <pin num="25" name="GND" type="power_in"/>
        <pin num="26" name="P12" type="BiDi"/>
        <pin num="27" name="P14" type="BiDi"/>
        <pin num="28" name="P27" type="BiDi"/>
        <pin num="29" name="P26" type="BiDi"/>
        <pin num="30" name="P25" type="BiDi"/>
        <pin num="31" name="P33" type="BiDi"/>
        <pin num="32" name="P32" type="BiDi"/>
        <pin num="33" name="P35" type="BiDi"/>
        <pin num="34" name="P34" type="BiDi"/>
        <pin num="35" name="SVN" type="BiDi"/>
        <pin num="36" name="SVP" type="BiDi"/>
        <pin num="37" name="EN" type="BiDi"/>
        <pin num="38" name="3.3V" type="power_in"/>
        <pin num="~" name="~" type="BiDi"/>
      </pins>
    </libpart>
    <libpart lib="stoveboard" part="LEDbar">
      <fields>
        <field name="Reference">D</field>
        <field name="Value">LEDbar</field>
      </fields>
      <pins>
        <pin num="1" name="GND" type="power_in"/>
        <pin num="2" name="5V" type="power_in"/>
        <pin num="3" name="DIN" type="input"/>
        <pin num="4" name="GND" type="power_in"/>
        <pin num="5" name="GND" type="power_in"/>
        <pin num="6" name="DOUT" type="power_out"/>
        <pin num="7" name="5V" type="power_in"/>
        <pin num="8" name="GND" type="power_in"/>
      </pins>
    </libpart>
    <libpart lib="stoveboard" part="USB">
      <fields>
        <field name="Reference">U</field>
        <field name="Value">USB</field>
      </fields>
      <pins>
        <pin num="1" name="IN+" type="power_in"/>
        <pin num="2" name="IN-" type="power_in"/>
        <pin num="3" name="Mount" type="NotConnected"/>
        <pin num="4" name="GND" type="power_out"/>
        <pin num="5" name="D-" type="NotConnected"/>
        <pin num="6" name="D+" type="NotConnected"/>
        <pin num="7" name="VCC" type="power_out"/>
        <pin num="8" name="Mount" type="NotConnected"/>
      </pins>
    </libpart>
    <libpart lib="stoveboard" part="VoltSensor">
      <fields>
        <field name="Reference">U</field>
        <field name="Value">VoltSensor</field>
      </fields>
      <pins>
        <pin num="1" name="S" type="output"/>
        <pin num="2" name="+" type="power_in"/>
        <pin num="3" name="-" type="power_in"/>
        <pin num="4" name="VCC" type="input"/>
        <pin num="5" name="GND" type="input"/>
      </pins>
    </libpart>
  </libparts>
  <libraries>
    <library logical="ABLS22">
      <uri>/usr/share/kicad/library/ABLS2-16.000MHZ-D4Y-T.lib</uri>
    </library>
    <library logical="ATMEGA">
      <uri>/usr/share/kicad/library/MCU_Microchip_ATmega.lib</uri>
    </library>
    <library logical="Connector">
      <uri>/usr/share/kicad/library/Connector.lib</uri>
    </library>
    <library logical="DMP1045U">
      <uri>/home/paul-cairns/Documents/FabAcademy/14-networking/stoveboard/DMP1045U.lib</uri>
    </library>
    <library logical="fab">
      <uri>/home/paul-cairns/Applications/fab-kicad/fab.lib</uri>
    </library>
    <library logical="stoveboard">
      <uri>/home/paul-cairns/Documents/FabAcademy/14-networking/stoveboard/stoveboard.lib</uri>
    </library>
  </libraries>
  <nets>
    <net code="1" name="/ITEG-">
      <node ref="FET-TEG1" pin="2"/>
      <node ref="U2" pin="5"/>
      <node ref="FET-TEG3" pin="2"/>
      <node ref="SB220-3" pin="1"/>
      <node ref="FET-TEG2" pin="2"/>
      <node ref="SB220-2" pin="1"/>
      <node ref="SB220-1" pin="1"/>
    </net>
    <net code="2" name="/VCC">
      <node ref="D2" pin="2"/>
      <node ref="D3" pin="2"/>
      <node ref="D3" pin="7"/>
      <node ref="U10" pin="20"/>
      <node ref="R10K1" pin="2"/>
      <node ref="U1" pin="4"/>
      <node ref="J2" pin="3"/>
      <node ref="JST-4" pin="1"/>
      <node ref="U1" pin="6"/>
      <node ref="U1" pin="20"/>
      <node ref="U1" pin="18"/>
      <node ref="J3" pin="3"/>
      <node ref="J4" pin="3"/>
      <node ref="JST-7" pin="1"/>
      <node ref="R-T1" pin="1"/>
      <node ref="C6" pin="1"/>
      <node ref="1uF1" pin="1"/>
      <node ref="100nF1" pin="1"/>
      <node ref="RSCL1" pin="1"/>
      <node ref="RSDA1" pin="1"/>
      <node ref="U9" pin="7"/>
      <node ref="U2" pin="1"/>
      <node ref="U3" pin="2"/>
      <node ref="U4" pin="7"/>
    </net>
    <net code="3" name="Net-(D4-Pad2)">
      <node ref="D4" pin="2"/>
      <node ref="VREG-TEG1" pin="2"/>
    </net>
    <net code="4" name="/5VTEG1+">
      <node ref="FET-TEG1" pin="1"/>
      <node ref="R-LS1" pin="2"/>
      <node ref="SB220-1" pin="2"/>
      <node ref="U5" pin="6"/>
      <node ref="D4" pin="1"/>
    </net>
    <net code="5" name="/5VTEG3+">
      <node ref="R-LS3" pin="2"/>
      <node ref="SB220-3" pin="2"/>
      <node ref="VREG-TEG3" pin="2"/>
      <node ref="U8" pin="6"/>
      <node ref="FET-TEG3" pin="1"/>
    </net>
    <net code="6" name="/VTEG3-">
      <node ref="R-LS3" pin="1"/>
      <node ref="JST-3" pin="2"/>
      <node ref="U8" pin="5"/>
      <node ref="VREG-TEG3" pin="1"/>
    </net>
    <net code="7" name="/TEG3OUT+">
      <node ref="FET-TEG3" pin="3"/>
      <node ref="U8" pin="1"/>
    </net>
    <net code="8" name="/5VTEG2+">
      <node ref="U6" pin="6"/>
      <node ref="VREG-TEG2" pin="2"/>
      <node ref="FET-TEG2" pin="1"/>
      <node ref="R-LS2" pin="2"/>
      <node ref="SB220-2" pin="2"/>
    </net>
    <net code="9" name="/VTEG2-">
      <node ref="VREG-TEG2" pin="1"/>
      <node ref="JST-2" pin="2"/>
      <node ref="U6" pin="5"/>
      <node ref="R-LS2" pin="1"/>
    </net>
    <net code="10" name="/SDA">
      <node ref="U10" pin="3"/>
      <node ref="RSDA1" pin="2"/>
      <node ref="U1" pin="27"/>
    </net>
    <net code="11" name="/TempPin">
      <node ref="JST-4" pin="2"/>
      <node ref="U1" pin="32"/>
      <node ref="R-T1" pin="2"/>
    </net>
    <net code="12" name="/SCL">
      <node ref="U10" pin="6"/>
      <node ref="RSCL1" pin="2"/>
      <node ref="U1" pin="28"/>
    </net>
    <net code="13" name="/MISO">
      <node ref="U1" pin="16"/>
      <node ref="J1" pin="6"/>
    </net>
    <net code="14" name="/SCK">
      <node ref="J1" pin="7"/>
      <node ref="U1" pin="17"/>
      <node ref="R3" pin="2"/>
    </net>
    <net code="15" name="Net-(C2-Pad2)">
      <node ref="C2" pin="2"/>
      <node ref="U1" pin="8"/>
      <node ref="Y1" pin="2"/>
    </net>
    <net code="16" name="Net-(C1-Pad2)">
      <node ref="Y1" pin="1"/>
      <node ref="C1" pin="2"/>
      <node ref="U1" pin="7"/>
    </net>
    <net code="17" name="Net-(D1-Pad2)">
      <node ref="D1" pin="2"/>
      <node ref="R3" pin="1"/>
    </net>
    <net code="18" name="/MOSI">
      <node ref="J1" pin="5"/>
      <node ref="U1" pin="15"/>
    </net>
    <net code="19" name="/MO1PTH">
      <node ref="J1" pin="4"/>
    </net>
    <net code="20" name="/10">
      <node ref="U1" pin="14"/>
      <node ref="J1" pin="3"/>
    </net>
    <net code="21" name="/9">
      <node ref="U1" pin="13"/>
      <node ref="J1" pin="2"/>
    </net>
    <net code="22" name="/8">
      <node ref="J1" pin="1"/>
      <node ref="U1" pin="12"/>
    </net>
    <net code="23" name="/M01PTH">
      <node ref="SW3" pin="1"/>
      <node ref="C3" pin="1"/>
      <node ref="R10K1" pin="1"/>
      <node ref="U1" pin="29"/>
    </net>
    <net code="24" name="/DIOV">
      <node ref="U1" pin="10"/>
      <node ref="J3" pin="2"/>
    </net>
    <net code="25" name="/CLKV">
      <node ref="U1" pin="9"/>
      <node ref="J3" pin="1"/>
    </net>
    <net code="26" name="/GND">
      <node ref="U1" pin="3"/>
      <node ref="1uF1" pin="2"/>
      <node ref="U1" pin="5"/>
      <node ref="D3" pin="4"/>
      <node ref="D3" pin="1"/>
      <node ref="U10" pin="1"/>
      <node ref="100nF1" pin="2"/>
      <node ref="C6" pin="2"/>
      <node ref="U3" pin="3"/>
      <node ref="U2" pin="3"/>
      <node ref="U1" pin="21"/>
      <node ref="SW3" pin="2"/>
      <node ref="C1" pin="1"/>
      <node ref="D1" pin="1"/>
      <node ref="U4" pin="4"/>
      <node ref="R2" pin="2"/>
      <node ref="C2" pin="1"/>
      <node ref="U9" pin="4"/>
      <node ref="J2" pin="1"/>
      <node ref="JST-4" pin="3"/>
      <node ref="J3" pin="4"/>
      <node ref="J4" pin="4"/>
      <node ref="JST-7" pin="2"/>
    </net>
    <net code="27" name="/RTSFTDI">
      <node ref="C3" pin="2"/>
      <node ref="J2" pin="6"/>
    </net>
    <net code="28" name="Net-(J2-Pad2)">
      <node ref="J2" pin="2"/>
    </net>
    <net code="29" name="Net-(U10-Pad2)">
      <node ref="U10" pin="2"/>
    </net>
    <net code="30" name="Net-(U10-Pad31)">
      <node ref="U10" pin="31"/>
    </net>
    <net code="31" name="Net-(U10-Pad30)">
      <node ref="U10" pin="30"/>
    </net>
    <net code="32" name="Net-(U10-Pad29)">
      <node ref="U10" pin="29"/>
      <node ref="U10" pin="~"/>
    </net>
    <net code="33" name="Net-(U10-Pad28)">
      <node ref="U10" pin="28"/>
    </net>
    <net code="34" name="Net-(U10-Pad27)">
      <node ref="U10" pin="27"/>
    </net>
    <net code="35" name="Net-(U10-Pad26)">
      <node ref="U10" pin="26"/>
    </net>
    <net code="36" name="Net-(U10-Pad25)">
      <node ref="U10" pin="25"/>
    </net>
    <net code="37" name="Net-(U10-Pad24)">
      <node ref="U10" pin="24"/>
    </net>
    <net code="38" name="Net-(U10-Pad23)">
      <node ref="U10" pin="23"/>
    </net>
    <net code="39" name="Net-(U10-Pad22)">
      <node ref="U10" pin="22"/>
    </net>
    <net code="40" name="Net-(U10-Pad21)">
      <node ref="U10" pin="21"/>
    </net>
    <net code="41" name="Net-(U10-Pad19)">
      <node ref="U10" pin="19"/>
    </net>
    <net code="42" name="Net-(U10-Pad18)">
      <node ref="U10" pin="18"/>
    </net>
    <net code="43" name="Net-(U10-Pad17)">
      <node ref="U10" pin="17"/>
    </net>
    <net code="44" name="Net-(U10-Pad16)">
      <node ref="U10" pin="16"/>
    </net>
    <net code="45" name="Net-(U10-Pad15)">
      <node ref="U10" pin="15"/>
    </net>
    <net code="46" name="Net-(U10-Pad14)">
      <node ref="U10" pin="14"/>
    </net>
    <net code="47" name="Net-(U10-Pad13)">
      <node ref="U10" pin="13"/>
    </net>
    <net code="48" name="Net-(U10-Pad12)">
      <node ref="U10" pin="12"/>
    </net>
    <net code="49" name="Net-(U10-Pad11)">
      <node ref="U10" pin="11"/>
    </net>
    <net code="50" name="Net-(U10-Pad10)">
      <node ref="U10" pin="10"/>
    </net>
    <net code="51" name="/A7">
      <node ref="U1" pin="22"/>
    </net>
    <net code="52" name="/Tx">
      <node ref="J2" pin="4"/>
      <node ref="U1" pin="31"/>
    </net>
    <net code="53" name="/Rx">
      <node ref="J2" pin="5"/>
      <node ref="U1" pin="30"/>
    </net>
    <net code="54" name="/A3">
      <node ref="U1" pin="26"/>
    </net>
    <net code="55" name="/A2">
      <node ref="U1" pin="25"/>
    </net>
    <net code="56" name="/VoltPin">
      <node ref="U3" pin="1"/>
      <node ref="U1" pin="24"/>
    </net>
    <net code="57" name="/CurrentPin">
      <node ref="U2" pin="2"/>
      <node ref="U1" pin="23"/>
    </net>
    <net code="58" name="/DIOI">
      <node ref="J4" pin="2"/>
      <node ref="U1" pin="2"/>
    </net>
    <net code="59" name="/A6">
      <node ref="U1" pin="19"/>
    </net>
    <net code="60" name="Net-(U10-Pad32)">
      <node ref="U10" pin="32"/>
    </net>
    <net code="61" name="Net-(D2-Pad1)">
      <node ref="D2" pin="1"/>
      <node ref="R2" pin="1"/>
    </net>
    <net code="62" name="Net-(D3-Pad8)">
      <node ref="D3" pin="8"/>
    </net>
    <net code="63" name="Net-(D3-Pad6)">
      <node ref="D3" pin="6"/>
    </net>
    <net code="64" name="Net-(D3-Pad5)">
      <node ref="D3" pin="5"/>
    </net>
    <net code="65" name="/LEDPIN">
      <node ref="D3" pin="3"/>
      <node ref="U1" pin="11"/>
    </net>
    <net code="66" name="/VTEG1-">
      <node ref="U3" pin="5"/>
      <node ref="VREG-TEG1" pin="1"/>
      <node ref="R-LS1" pin="1"/>
      <node ref="JST-1" pin="2"/>
      <node ref="U5" pin="5"/>
    </net>
    <net code="67" name="/VTEG1+">
      <node ref="U3" pin="4"/>
      <node ref="VREG-TEG1" pin="3"/>
      <node ref="JST-1" pin="1"/>
    </net>
    <net code="68" name="/VTEG2+">
      <node ref="VREG-TEG2" pin="3"/>
      <node ref="JST-2" pin="1"/>
    </net>
    <net code="69" name="/VTEG3+">
      <node ref="JST-3" pin="1"/>
      <node ref="VREG-TEG3" pin="3"/>
    </net>
    <net code="70" name="Net-(U9-Pad6)">
      <node ref="U9" pin="6"/>
    </net>
    <net code="71" name="Net-(U9-Pad5)">
      <node ref="U9" pin="5"/>
    </net>
    <net code="72" name="Net-(U9-Pad3)">
      <node ref="U9" pin="3"/>
    </net>
    <net code="73" name="/ON">
      <node ref="JST-5" pin="2"/>
      <node ref="U9" pin="1"/>
      <node ref="JST-8" pin="2"/>
      <node ref="U4" pin="1"/>
    </net>
    <net code="74" name="Net-(U4-Pad8)">
      <node ref="U4" pin="8"/>
    </net>
    <net code="75" name="Net-(U4-Pad6)">
      <node ref="U4" pin="6"/>
    </net>
    <net code="76" name="Net-(U4-Pad5)">
      <node ref="U4" pin="5"/>
    </net>
    <net code="77" name="Net-(U4-Pad3)">
      <node ref="U4" pin="3"/>
    </net>
    <net code="78" name="Net-(U10-Pad9)">
      <node ref="U10" pin="9"/>
    </net>
    <net code="79" name="Net-(U10-Pad8)">
      <node ref="U10" pin="8"/>
    </net>
    <net code="80" name="Net-(U10-Pad7)">
      <node ref="U10" pin="7"/>
    </net>
    <net code="81" name="Net-(U10-Pad5)">
      <node ref="U10" pin="5"/>
    </net>
    <net code="82" name="Net-(U10-Pad4)">
      <node ref="U10" pin="4"/>
    </net>
    <net code="83" name="Net-(U10-Pad38)">
      <node ref="U10" pin="38"/>
    </net>
    <net code="84" name="Net-(U10-Pad37)">
      <node ref="U10" pin="37"/>
    </net>
    <net code="85" name="Net-(U10-Pad36)">
      <node ref="U10" pin="36"/>
    </net>
    <net code="86" name="Net-(U10-Pad35)">
      <node ref="U10" pin="35"/>
    </net>
    <net code="87" name="Net-(U10-Pad34)">
      <node ref="U10" pin="34"/>
    </net>
    <net code="88" name="Net-(U10-Pad33)">
      <node ref="U10" pin="33"/>
    </net>
    <net code="89" name="/ITEG+">
      <node ref="U2" pin="4"/>
      <node ref="JST-5" pin="1"/>
      <node ref="JST-8" pin="1"/>
    </net>
    <net code="90" name="/OUT-">
      <node ref="U4" pin="2"/>
      <node ref="U8" pin="4"/>
      <node ref="U6" pin="4"/>
      <node ref="U9" pin="2"/>
      <node ref="U5" pin="4"/>
    </net>
    <net code="91" name="/CLKI">
      <node ref="U1" pin="1"/>
      <node ref="J4" pin="1"/>
    </net>
    <net code="92" name="/B+">
      <node ref="U8" pin="2"/>
      <node ref="U6" pin="2"/>
      <node ref="JST-6" pin="1"/>
      <node ref="U5" pin="2"/>
    </net>
    <net code="93" name="/TEG2OUT+">
      <node ref="U6" pin="1"/>
      <node ref="FET-TEG2" pin="3"/>
    </net>
    <net code="94" name="/B-">
      <node ref="JST-6" pin="2"/>
      <node ref="U5" pin="3"/>
      <node ref="U6" pin="3"/>
      <node ref="U8" pin="3"/>
    </net>
    <net code="95" name="/TEG1OUT+">
      <node ref="FET-TEG1" pin="3"/>
      <node ref="U5" pin="1"/>
    </net>
    <net code="96" name="Net-(U9-Pad8)">
      <node ref="U9" pin="8"/>
    </net>
  </nets>
</export>
